INSERT INTO public.city (id, name, postal_code) VALUES (1, 'ZAGREB', 10000);
INSERT INTO public.city (id, name, postal_code) VALUES (2, 'ZAGREB-DUBRAVA', 10040);
INSERT INTO public.city (id, name, postal_code) VALUES (3, 'SLAVONSKI BROD', 35000);
INSERT INTO public.city (id, name, postal_code) VALUES (4, 'OSIJEK', 31000);
INSERT INTO public.city (id, name, postal_code) VALUES (5, 'ZADAR', 23000);
INSERT INTO public.business (id, address, created, created_by, latitude, longitude, mail, min_interval, name, oib, phone, rating, website, city_id) VALUES (1, 'Avenija Dubrava 69', '2020-11-27 11:32:03.292000', 'marin', 16.044827, 45.82598, 'friz.ema@gmail.com', 'PT15M', 'Frizerski salon EMA', 1324132455, '01-234-5566', 5, 'www.friz-ema.hr', 2);
INSERT INTO public.business (id, address, created, created_by, latitude, longitude, mail, min_interval, name, oib, phone, rating, website, city_id) VALUES (2, 'Ulica Vile Velebita 1G', '2020-11-27 11:33:52.301000', 'marin', 16.044928, 45.82298, 'salonmarko@gmail.com', 'PT10M', 'Kozmetički salon MARKO', 1333138455, '01-284-9963', 5, 'www.jasammarkoimamsalon.hr', 2);
INSERT INTO public.business (id, address, created, created_by, latitude, longitude, mail, min_interval, name, oib, phone, rating, website, city_id) VALUES (3, 'Nikole Zrinskog 1', '2020-11-27 11:34:49.823000', 'marin', 15.044927, 44.82298, 'afrodita@gmail.com', 'PT30M', 'Kozmetički salon AFRODITA', 1333138411, '035-284-963', 5, 'www.afrodita-salon.hr', 3);
INSERT INTO public.business (id, address, created, created_by, latitude, longitude, mail, min_interval, name, oib, phone, rating, website, city_id) VALUES (4, 'Zadarska ulica 69', '2020-11-27 11:36:33.347000', 'marin', 15.099927, 41.84698, 'lepota@gmail.com', 'PT30M', 'Salon ljepote LJEPOTA', 8334537711, '023-114-963', 5, 'www.lepota-bre.hr', 5);
INSERT INTO public.employee (id, created, created_by, name, title, business_id) VALUES (1, '2020-11-27 11:57:20.000000', 'marin', 'Ivana', 'Frizerka', 1);
INSERT INTO public.employee (id, created, created_by, name, title, business_id) VALUES (2, '2020-11-27 11:57:46.888000', 'marin', 'Ema', 'Amaterka', 1);
INSERT INTO public.employee (id, created, created_by, name, title, business_id) VALUES (3, '2020-11-27 12:00:03.899000', 'marin', 'Marko', 'Šef, bog i batina', 2);
INSERT INTO public.employee (id, created, created_by, name, title, business_id) VALUES (5, '2020-11-27 12:05:12.523000', 'marin', 'Nela', 'Uhljeb', 2);
INSERT INTO public.employee (id, created, created_by, name, title, business_id) VALUES (6, '2020-11-27 12:15:16.592000', 'marin', 'Afrodita', 'Boginja ljepote', 3);
INSERT INTO public.offer (id, created, created_by, duration, name, price, business_id) VALUES (1, '2020-11-27 11:40:07.270000', 'marin', 'PT30M', 'Muško šišanje', 50, 1);
INSERT INTO public.offer (id, created, created_by, duration, name, price, business_id) VALUES (2, '2020-11-27 11:40:49.801000', 'marin', 'PT300M', 'Žensko šišanje', 550, 1);
INSERT INTO public.offer (id, created, created_by, duration, name, price, business_id) VALUES (3, '2020-11-27 11:41:25.324000', 'marin', 'PT5M', 'Pranje kose', 20, 1);
INSERT INTO public.offer (id, created, created_by, duration, name, price, business_id) VALUES (4, '2020-11-27 11:41:53.483000', 'marin', 'PT45M', 'Lakiranje noktiju', 100, 2);
INSERT INTO public.offer (id, created, created_by, duration, name, price, business_id) VALUES (5, '2020-11-27 11:42:02.564000', 'marin', 'PT45M', 'Lakiranje noktiju', 90, 3);
INSERT INTO public.offer (id, created, created_by, duration, name, price, business_id) VALUES (6, '2020-11-27 11:42:26.335000', 'marin', 'PT1H', 'Lakiranje noktiju - trajni lak', 150, 2);
INSERT INTO public.offer (id, created, created_by, duration, name, price, business_id) VALUES (7, '2020-11-27 11:42:45.499000', 'marin', 'PT1H10M', 'Lakiranje noktiju - trajni lak', 140, 3);
INSERT INTO public.offer (id, created, created_by, duration, name, price, business_id) VALUES (8, '2020-11-27 11:43:29.131000', 'marin', 'PT6H15M', 'Uljepšavanje', 69, 4);
INSERT INTO public.offer (id, created, created_by, duration, name, price, business_id) VALUES (9, '2020-11-27 11:44:04.949000', 'marin', 'PT8H56M', 'Uljepšavanje al da te baš uljepšamo', 690, 4);
INSERT INTO public.offer (id, created, created_by, duration, name, price, business_id) VALUES (10, '2020-11-27 12:01:01.003000', 'marin', 'PT2H', 'Lakiranje noktiju', 234, 2);
INSERT INTO public.employee_offer_mapping (employee_id, offer_id) VALUES (1, 2);
INSERT INTO public.employee_offer_mapping (employee_id, offer_id) VALUES (1, 3);
INSERT INTO public.employee_offer_mapping (employee_id, offer_id) VALUES (1, 1);
INSERT INTO public.employee_offer_mapping (employee_id, offer_id) VALUES (2, 3);
INSERT INTO public.employee_offer_mapping (employee_id, offer_id) VALUES (2, 1);
INSERT INTO public.employee_offer_mapping (employee_id, offer_id) VALUES (3, 4);
INSERT INTO public.employee_offer_mapping (employee_id, offer_id) VALUES (3, 6);
INSERT INTO public.employee_offer_mapping (employee_id, offer_id) VALUES (5, 10);
INSERT INTO public.employee_offer_mapping (employee_id, offer_id) VALUES (5, 6);
INSERT INTO public.employee_offer_mapping (employee_id, offer_id) VALUES (6, 7);
INSERT INTO public.employee_offer_mapping (employee_id, offer_id) VALUES (6, 5);

SELECT setval('s_city', (SELECT MAX(id) FROM city));
SELECT setval('s_business', (SELECT MAX(id) FROM business));
SELECT setval('s_employee', (SELECT MAX(id) FROM employee));
SELECT setval('s_offer', (SELECT MAX(id) FROM offer));